Time,Irridance,T1,T2,T3,T4,T5,T6,T7,T8,TA,Humidity,V1,V2,V3,V4,V5,V6,V7,V8,PV_Current,AC_Voltage,AC Current,AC Power
10:42,332,343,360,356,351,343,347,355,350,247,424,3878,3894,3745,3987,3813,3765,3786,3772,232,23224,2645,5823
10:43,263,339,359,354,350,338,341,351,347,248,417,3612,3634,3488,3714,3578,3526,3540,3532,280,23218,3246,7162
10:44,292,332,353,346,343,332,335,345,338,247,417,3452,3482,3326,3548,3417,3373,3374,3380,336,23900,5275,9814
10:45,381,326,346,340,338,325,328,337,333,246,420,3354,3404,3244,3470,3311,3263,3239,3243,461,23768,4792,11196
10:46,533,327,344,339,337,326,330,338,334,246,422,3417,3445,3272,3490,3352,3298,3256,3314,605,23941,5209,15149
10:48,483,333,348,343,340,331,336,341,338,248,424,3353,3389,3218,3456,3355,3295,3259,3303,561,24076,6079,14208
10:49,405,331,348,343,339,330,334,338,335,249,408,3408,3448,3290,3518,3381,3323,3277,3319,483,23851,4548,10430
10:50,341,328,345,340,337,326,328,335,330,249,406,3437,3473,3311,3527,3368,3326,3299,3323,405,23639,3735,10322
10:51,379,326,343,339,335,326,329,334,331,249,400,3495,3523,3368,3586,3414,3366,3330,3374,442,23696,4177,10124
10:52,471,323,340,336,331,323,327,333,329,249,401,3505,3527,3363,3569,3400,3352,3322,3378,535,24023,6103,14541
10:53,353,323,339,336,333,321,325,331,329,249,402,3473,3497,3329,3545,3395,3359,3371,3379,410,23744,4477,11290
10:54,389,321,336,334,331,317,321,329,327,249,395,3508,3538,3382,3604,3469,3413,3384,3414,447,23703,4720,10787
10:55,380,320,335,331,330,318,321,328,327,249,401,3477,3513,3357,3577,3430,3376,3343,3371,447,23751,4701,11169
10:56,308,322,336,333,330,320,323,330,329,250,398,3312,3368,3193,3423,3267,3253,3233,3235,380,23665,4191,9681
10:57,489,323,337,335,331,323,326,331,330,251,399,3310,3366,3191,3413,3241,3203,3171,3193,593,23867,5077,13468
10:59,253,323,338,335,331,322,326,332,330,251,397,3416,3450,3289,3505,3338,3312,3298,3308,311,23517,3569,8087
11:00,267,321,335,331,328,321,323,330,327,250,396,3348,3390,3222,3440,3324,3298,3290,3296,333,23528,3588,8388
11:01,317,318,333,329,325,319,321,327,322,249,399,3402,3442,3281,3507,3388,3346,3331,3339,387,23372,3375,8516
11:02,251,314,328,325,321,313,316,323,318,248,403,3450,3484,3329,3549,3418,3382,3364,3376,307,23482,3658,8233
11:03,259,312,326,323,319,311,314,321,316,248,406,3376,3424,3265,3487,3345,3315,3315,3297,328,23510,3583,8267
11:04,436,311,325,321,318,308,311,317,314,247,404,3413,3453,3301,3529,3429,3371,3343,3357,528,23722,4377,10561
11:05,301,309,321,319,317,306,308,315,312,247,404,3419,3457,3294,3506,3327,3323,3292,3318,370,23602,3845,9193
11:06,341,309,321,318,316,306,308,315,313,247,408,3477,3509,3355,3587,3457,3407,3384,3404,406,23688,4257,10159
11:07,531,313,322,321,319,311,314,319,319,248,411,3543,3553,3392,3624,3533,3475,3450,3498,570,24019,6289,14968
11:08,385,320,328,327,325,318,321,326,327,250,408,3477,3501,3345,3573,3443,3393,3358,3398,448,23759,5135,11988
11:10,591,326,335,333,331,322,325,331,331,252,392,3270,3292,3131,3359,3258,3200,3166,3204,707,24079,6795,16388
11:11,396,327,339,336,335,325,325,332,334,253,394,3422,3436,3288,3502,3380,3336,3313,3347,462,23814,5462,12081
11:12,432,327,341,338,336,323,325,334,336,254,392,3343,3381,3215,3421,3236,3216,3184,3208,527,23849,5231,12787
11:13,480,332,345,343,340,331,333,340,342,255,392,3393,3419,3256,3480,3386,3332,3305,3345,551,23863,5933,14285
11:14,586,334,346,345,342,332,335,342,344,255,395,3328,3356,3189,3411,3303,3241,3212,3248,691,24149,7072,16811
11:15,487,335,349,346,344,334,335,344,346,255,398,3327,3355,3185,3413,3336,3282,3258,3292,572,23963,6295,14350
11:16,482,341,353,350,348,340,340,349,351,255,398,3366,3400,3242,3452,3302,3246,3202,3238,575,23774,5474,13525
11:17,586,344,358,355,353,341,342,351,353,255,396,3344,3370,3201,3409,3269,3215,3173,3231,681,24083,6974,16739
11:18,585,346,360,357,355,346,347,355,356,256,398,3432,3454,3293,3509,3398,3332,3296,3354,642,24080,6933,16565
11:19,591,348,362,359,358,348,351,358,362,256,401,3312,3340,3173,3403,3333,3267,3228,3280,672,24050,6533,16204
11:21,568,350,366,363,360,348,349,358,359,257,398,3199,3243,3062,3280,3173,3129,3106,3132,684,24008,6785,16208
11:22,577,355,370,367,363,355,358,366,367,258,402,3347,3387,3217,3433,3289,3229,3193,3253,660,24098,6823,16390
11:23,575,357,373,369,366,358,361,368,369,259,402,3184,3236,3063,3281,3162,3114,3096,3116,694,24069,6794,16308
11:24,570,362,378,374,371,358,361,370,371,260,395,3345,3383,3220,3428,3279,3219,3177,3241,655,24080,6715,16175
11:25,572,361,380,376,373,361,363,371,371,261,392,3253,3291,3131,3361,3283,3219,3194,3228,668,24053,6713,16207
11:26,515,364,383,380,375,363,366,375,378,262,396,3306,3346,3194,3430,3379,3311,3291,3315,591,23936,6049,14359
11:27,512,363,381,379,374,361,365,375,377,263,392,3293,3341,3191,3427,3353,3283,3252,3280,596,23952,6070,14449
11:28,577,365,381,378,375,364,368,376,378,264,393,3279,3311,3157,3361,3193,3137,3105,3141,685,24116,6744,16229
11:29,547,362,381,379,374,361,367,377,375,264,394,3331,3373,3208,3416,3258,3200,3172,3214,637,24130,6658,15825
11:30,574,363,381,380,374,363,366,376,373,263,394,3299,3339,3175,3383,3246,3186,3141,3207,668,24180,6731,16268
11:32,575,361,383,380,376,362,363,373,371,264,390,3267,3319,3149,3353,3201,3147,3129,3155,681,24178,6771,16254
11:33,576,361,381,378,376,362,363,371,370,264,393,3286,3330,3164,3364,3200,3146,3104,3158,681,24136,6770,16311
11:34,577,362,381,378,376,367,368,375,374,263,391,3283,3323,3165,3377,3297,3233,3199,3251,665,24225,6753,16326
11:35,572,365,385,382,378,370,373,380,379,263,399,3303,3343,3182,3380,3203,3147,3118,3156,677,24121,6664,15964
11:36,575,370,390,384,383,369,371,380,381,263,396,3305,3347,3188,3384,3216,3158,3115,3167,680,24147,6763,16255
11:37,573,370,390,385,384,371,373,381,381,262,395,3228,3274,3104,3306,3123,3095,3043,3107,686,24161,6454,15813
11:38,582,376,395,388,386,378,380,386,390,263,396,3162,3206,3040,3256,3177,3119,3079,3133,694,24194,6730,16325
11:39,584,383,400,394,392,381,387,392,396,265,398,3284,3328,3162,3358,3211,3149,3102,3166,684,24286,6719,16367
11:40,580,385,405,398,395,382,389,396,399,267,391,3269,3315,3151,3349,3218,3156,3118,3176,674,24250,6679,16248
11:41,576,380,401,396,392,379,382,390,389,268,388,3223,3263,3102,3324,3248,3182,3152,3190,676,24307,6715,16231
11:43,576,377,399,393,389,380,383,390,387,267,391,3288,3328,3167,3385,3299,3233,3209,3251,660,24275,6726,16224
11:44,578,375,395,392,388,378,382,389,384,266,391,3213,3253,3092,3310,3270,3206,3175,3221,672,24239,6710,16272
11:45,579,374,396,392,390,378,381,390,386,266,392,3257,3297,3133,3329,3148,3098,3066,3104,693,24230,6730,16280
11:46,577,376,396,393,390,377,380,389,386,266,391,3226,3272,3108,3306,3162,3108,3081,3109,696,24244,6686,16226
11:47,579,376,396,392,388,380,385,391,391,266,393,3211,3259,3097,3309,3201,3139,3116,3140,694,24282,6727,16298
11:48,580,375,395,391,387,376,381,390,391,269,389,3189,3239,3076,3300,3215,3151,3135,3151,695,24287,6747,16320
11:49,579,376,395,393,388,376,380,390,387,269,388,3305,3343,3183,3401,3303,3239,3202,3260,661,24263,6734,16285
11:50,583,375,395,393,388,375,378,388,385,268,390,3281,3323,3158,3362,3229,3169,3118,3188,681,24304,6781,16435
11:51,581,378,395,392,388,375,381,390,388,269,391,3280,3326,3165,3357,3203,3147,3115,3163,685,24263,6705,16297
11:52,583,388,402,400,396,385,393,398,398,271,386,3254,3300,3139,3339,3183,3123,3084,3126,695,24253,6700,16290
11:54,581,393,407,405,399,390,397,403,400,272,385,3297,3337,3173,3373,3234,3172,3119,3195,670,24365,6657,16179
11:55,582,395,411,406,402,391,397,405,403,273,382,3119,3171,3010,3224,3145,3085,3031,3083,703,24345,6660,16113
11:56,584,391,409,405,400,389,395,405,401,272,382,3280,3314,3162,3376,3285,3217,3167,3235,669,24338,6702,16279
11:57,580,387,409,403,397,386,391,402,397,271,385,3226,3260,3108,3326,3271,3201,3164,3212,676,24327,6668,16263
11:58,583,388,409,402,398,390,392,400,399,270,384,3290,3324,3169,3357,3196,3138,3101,3145,686,24373,6721,16311
11:59,589,394,412,406,404,396,400,405,406,271,385,3181,3213,3065,3261,3151,3093,3068,3088,707,24302,6754,16351
12:00,587,401,418,411,410,402,406,411,412,273,383,3212,3256,3105,3295,3152,3092,3068,3096,701,24395,6673,16292
12:01,589,400,420,412,410,400,401,408,407,274,378,3278,3308,3167,3351,3221,3157,3129,3177,682,24328,6659,16328
12:02,589,398,419,411,413,402,406,408,410,273,378,3218,3244,3081,3281,3175,3115,3079,3135,691,24423,6697,16372
12:03,590,395,418,410,408,397,400,408,405,273,374,3235,3271,3118,3336,3261,3193,3167,3211,684,24495,6733,16442
12:05,597,387,412,404,405,388,389,397,395,271,375,3228,3260,3109,3307,3169,3109,3085,3113,711,24493,6812,16577
12:06,600,386,410,403,401,395,396,403,398,272,386,3190,3224,3069,3253,3100,3050,3033,3053,723,24483,6792,16672
12:07,598,393,413,405,405,397,400,408,405,273,377,3126,3168,3015,3219,3136,3076,3067,3069,722,24471,6789,16599
12:08,600,397,417,409,408,400,404,410,406,275,374,3188,3218,3074,3280,3238,3170,3165,3175,701,24510,6786,16540
12:09,599,400,420,412,412,405,408,413,412,277,374,3154,3184,3046,3248,3183,3119,3112,3118,714,24496,6773,16543
12:10,598,400,420,413,412,403,405,411,409,277,372,3156,3200,3046,3230,3100,3042,3047,3047,722,24505,6760,16548
12:11,600,398,420,413,411,401,405,410,409,278,373,3245,3291,3133,3323,3179,3119,3125,3121,710,24464,6780,16580
12:12,598,398,418,413,411,396,399,406,405,278,370,3262,3306,3143,3329,3180,3120,3108,3136,701,24423,6792,16615
12:13,602,403,420,415,413,402,408,412,411,278,374,3203,3241,3087,3297,3225,3163,3143,3189,688,24490,6796,16594
12:14,604,405,422,416,416,404,408,413,413,279,367,3215,3253,3096,3276,3114,3060,3039,3071,719,24380,6854,16690
12:16,600,399,421,414,416,399,400,407,408,278,367,3190,3228,3077,3289,3236,3170,3164,3178,702,24361,6827,16618
12:17,603,400,421,413,414,401,404,410,413,278,369,3232,3268,3118,3302,3154,3098,3075,3105,711,24411,6854,16654
12:18,603,405,423,416,416,405,408,413,416,279,367,3140,3180,3037,3231,3134,3072,3058,3064,726,24476,6843,16701
12:19,597,408,426,418,418,406,410,416,419,281,362,3232,3266,3120,3306,3190,3128,3102,3140,695,24341,6732,16503
12:20,584,406,425,419,416,408,412,420,418,281,362,3201,3239,3091,3281,3134,3074,3053,3071,702,24391,6673,16190
12:21,585,406,428,422,418,409,414,421,416,282,362,3269,3297,3151,3351,3239,3173,3152,3192,672,24412,6668,16229
12:22,603,411,431,423,420,408,416,423,422,282,371,3192,3238,3077,3269,3111,3047,3031,3031,731,24364,6863,16614
12:23,601,413,433,428,423,411,416,423,423,283,360,3223,3271,3112,3326,3283,3205,3181,3211,685,24396,6833,16619
12:24,602,411,430,423,420,404,407,417,417,282,359,3203,3251,3089,3305,3229,3155,3126,3162,699,24336,6849,16636
12:25,598,405,426,420,418,401,402,414,412,281,360,3107,3167,3002,3204,3121,3053,3039,3039,723,24378,6803,16524
12:27,602,403,425,418,413,401,406,417,413,280,364,3233,3283,3117,3311,3174,3104,3067,3111,711,24420,6853,16682
12:28,600,400,421,413,410,393,396,410,408,280,367,3236,3284,3122,3310,3177,3111,3084,3120,708,24438,6807,16631
12:29,599,405,423,416,413,399,404,413,416,282,364,3245,3293,3131,3323,3192,3122,3100,3130,702,24427,6789,16575
12:30,602,405,425,417,412,398,403,414,413,284,358,3235,3285,3122,3310,3175,3105,3086,3110,709,24519,6801,16651
12:31,598,402,423,417,413,398,402,410,408,282,363,3205,3249,3089,3281,3143,3081,3058,3074,718,24434,6753,16617
12:32,597,397,418,413,408,393,395,407,403,281,362,3224,3264,3100,3308,3227,3157,3135,3169,697,24503,6805,16622
12:33,601,392,413,407,406,390,390,402,400,279,366,3122,3172,3006,3220,3137,3069,3043,3055,730,24512,6861,16732
12:34,601,396,413,408,406,396,396,406,405,279,367,3106,3152,2985,3189,3075,3019,2990,2996,732,24494,6865,16710
12:35,607,406,422,418,415,403,408,415,415,281,368,3239,3269,3110,3318,3240,3166,3149,3177,699,24545,6886,16820
12:36,601,401,421,417,413,403,405,413,410,281,366,3168,3206,3043,3243,3108,3044,3034,3038,726,24560,6788,16652
12:38,603,409,425,420,416,408,413,418,418,282,371,3189,3217,3062,3256,3147,3079,3056,3090,713,24539,6805,16606
12:39,601,418,432,426,421,416,420,425,426,284,365,3193,3221,3069,3277,3199,3127,3109,3137,699,24497,6768,16540
12:40,600,417,435,427,423,413,416,426,425,286,356,3206,3238,3084,3296,3240,3164,3148,3172,692,24395,6754,16530
12:41,602,405,427,418,416,398,394,406,406,284,357,3262,3296,3144,3346,3231,3161,3139,3169,697,24490,6847,16736
12:42,602,395,419,411,409,394,390,404,403,281,358,3187,3219,3074,3276,3195,3125,3109,3115,720,24390,6805,16662
12:43,597,391,415,407,405,391,390,405,403,279,369,3246,3280,3122,3332,3184,3120,3080,3120,703,24523,6790,16614
12:44,594,388,410,405,401,383,384,401,401,279,365,3172,3210,3059,3283,3237,3163,3131,3161,703,24510,6784,16609
12:45,596,385,406,401,399,381,381,396,394,280,366,3189,3223,3074,3294,3265,3189,3158,3188,701,24486,6827,16710
12:46,601,391,405,400,398,389,389,401,403,280,367,3199,3235,3091,3319,3253,3175,3151,3165,710,24520,6862,16779
12:47,599,395,411,406,401,393,394,406,403,282,362,3105,3149,2995,3211,3176,3104,3083,3093,721,24484,6804,16643
12:49,597,392,411,407,403,391,391,402,398,282,363,3155,3191,3041,3265,3216,3142,3125,3137,713,24474,6828,16670
12:50,599,394,413,409,406,393,397,405,403,281,362,3235,3269,3114,3310,3167,3101,3086,3098,714,24541,6815,16677
12:51,599,396,415,412,409,398,403,411,406,282,362,3248,3282,3124,3330,3230,3162,3139,3177,693,24606,6784,16634
12:52,598,406,422,417,416,405,411,418,416,284,365,3203,3243,3079,3315,3243,3167,3154,3172,697,24517,6777,16638
12:53,591,411,428,423,419,410,418,425,421,287,364,3155,3203,3038,3272,3211,3137,3132,3136,700,24557,6654,16394
12:54,593,410,430,424,420,410,415,423,417,288,352,3212,3256,3087,3297,3170,3104,3086,3112,699,24448,6696,16479
12:55,594,406,428,422,416,408,410,420,411,287,349,3203,3251,3080,3290,3118,3060,3035,3055,714,24626,6749,16563
12:56,589,406,428,423,420,408,410,421,412,286,352,3110,3162,2992,3212,3111,3047,3037,3033,717,24667,6643,16385
12:57,591,406,429,422,418,411,411,422,419,286,356,3127,3173,3012,3236,3155,3087,3076,3078,714,24642,6687,16426
12:58,585,413,434,425,422,412,416,423,423,287,361,3167,3215,3050,3256,3113,3053,3032,3038,708,24699,6575,16227
13:00,583,418,437,429,426,416,420,426,426,290,354,3134,3186,3025,3239,3126,3062,3037,3043,707,24696,6558,16187
13:01,587,420,436,429,426,416,418,428,430,292,348,3169,3211,3052,3288,3219,3143,3139,3139,692,24720,6593,16285
13:02,586,413,435,428,424,411,413,425,421,291,347,3225,3265,3107,3315,3177,3111,3099,3105,700,24793,6578,16266
13:03,589,406,429,422,420,405,407,419,413,288,353,3132,3176,3013,3243,3171,3099,3090,3088,709,24791,6645,16424
13:04,585,403,426,420,416,406,408,419,411,286,351,3241,3281,3117,3325,3171,3105,3084,3108,695,24847,6603,16366
13:05,592,398,423,416,411,403,403,415,407,284,355,3138,3180,3018,3248,3174,3104,3088,3094,715,24752,6662,16540
13:06,586,396,421,413,410,400,403,413,406,283,356,3236,3272,3110,3314,3166,3102,3080,3100,701,24771,6643,16424
13:07,593,400,423,415,412,401,403,413,408,283,360,3201,3239,3079,3285,3142,3078,3053,3067,715,24715,6711,16601
13:08,590,402,425,418,415,406,410,420,412,284,359,3216,3250,3095,3295,3149,3083,3059,3085,704,24693,6643,16512
13:09,593,406,426,421,416,409,411,420,412,285,360,3249,3283,3128,3348,3233,3165,3148,3178,686,24792,6654,16510
13:11,586,409,428,422,418,410,413,422,415,285,358,3256,3290,3138,3340,3180,3114,3096,3122,695,24754,6645,16347
13:12,584,404,426,418,417,401,401,413,408,286,355,3194,3232,3078,3300,3222,3152,3136,3158,691,24766,6560,16338
13:13,578,398,423,415,414,398,395,406,406,285,354,3153,3197,3043,3275,3224,3154,3129,3145,694,24766,6579,16277
13:14,557,397,420,413,413,396,396,407,405,284,359,3224,3268,3111,3317,3171,3109,3086,3090,675,24685,6311,15566
13:15,578,400,421,414,412,402,404,411,410,284,360,3305,3341,3188,3398,3279,3211,3188,3226,663,24729,6616,16233
13:16,543,406,425,419,417,408,411,415,415,285,360,3142,3192,3038,3268,3213,3145,3125,3137,653,24713,6395,15378
13:17,523,405,428,421,419,408,410,415,409,286,356,3167,3213,3055,3285,3208,3146,3126,3144,632,24633,6131,15121
13:18,525,413,431,424,421,413,418,420,418,287,355,3120,3170,3001,3213,3071,3027,2980,2998,652,24541,5836,14637
13:19,523,415,434,425,424,415,418,422,420,288,358,3173,3217,3063,3291,3223,3157,3130,3150,629,24621,6065,14796
13:20,516,413,435,426,425,412,414,421,418,291,352,3128,3176,3017,3247,3176,3114,3088,3102,633,24553,6050,14750
13:22,535,406,430,421,416,408,411,418,411,290,341,3134,3178,3018,3242,3132,3074,3061,3053,661,24564,6127,15230
13:23,489,405,425,418,415,405,408,416,413,289,348,3198,3248,3094,3328,3242,3174,3169,3151,600,24439,5808,14039
13:24,477,403,423,416,411,402,406,414,410,289,344,3187,3235,3073,3285,3154,3100,3082,3072,595,24534,5594,13663
13:25,443,396,418,411,405,397,401,409,401,287,345,3294,3336,3174,3400,3252,3194,3178,3180,543,24488,5348,12953
13:26,494,393,415,408,403,395,399,406,397,285,351,3296,3334,3177,3393,3238,3178,3115,3169,600,24603,5939,14361
13:27,494,392,413,408,403,396,400,407,399,285,352,3260,3300,3145,3363,3224,3162,3115,3151,607,24631,5983,14617
13:28,416,396,414,408,404,398,401,408,403,285,356,3294,3328,3170,3388,3237,3185,3127,3171,516,24273,5029,12253
13:29,484,391,411,405,401,393,395,403,398,284,351,3340,3372,3224,3460,3380,3314,3272,3318,561,24389,5871,14308
13:30,522,390,410,403,400,391,393,403,398,284,353,3309,3339,3183,3397,3246,3186,3153,3183,622,24486,6105,15022
13:31,453,390,408,403,402,391,395,400,397,284,356,3172,3228,3086,3310,3220,3158,3129,3125,569,24330,5263,12755
13:33,337,388,408,402,401,391,395,402,396,285,352,3294,3338,3199,3409,3288,3236,3226,3214,426,24163,4249,10159
13:34,372,385,405,398,395,388,392,398,394,285,355,3305,3347,3206,3426,3318,3264,3249,3249,461,24147,4679,11290
13:35,399,381,401,396,390,381,384,393,387,284,354,3252,3300,3156,3384,3301,3247,3235,3229,495,24247,4962,12052
13:36,404,373,396,391,384,377,379,388,378,282,351,3281,3329,3179,3411,3307,3249,3209,3227,505,24224,4895,11990
13:37,380,376,394,390,383,378,381,388,381,281,359,3245,3309,3148,3366,3236,3192,3148,3156,483,24298,4897,11571
13:38,359,375,393,388,382,376,381,388,380,282,352,3250,3312,3161,3385,3257,3207,3160,3164,463,24210,4662,11021
13:39,384,376,392,387,381,376,381,388,382,283,356,3303,3351,3210,3428,3274,3222,3182,3182,487,24128,4873,11737
13:40,387,378,393,388,383,376,381,388,383,284,355,3257,3309,3166,3384,3265,3215,3183,3177,491,24218,4856,11590
13:41,397,380,394,390,383,380,385,390,385,286,355,3311,3353,3215,3453,3334,3276,3251,3255,497,24261,4998,12115
13:42,484,378,394,389,382,380,385,391,385,286,353,3242,3292,3147,3387,3304,3240,3215,3225,593,24436,5885,14349
13:44,395,383,398,394,388,385,388,395,388,286,355,3245,3301,3156,3390,3279,3223,3206,3200,504,24212,5020,11954
13:45,481,387,401,398,391,387,393,398,392,288,348,3399,3425,3286,3502,3351,3289,3269,3291,560,24404,5763,14069
13:46,532,390,405,400,393,390,393,399,394,289,347,3235,3273,3128,3364,3287,3217,3192,3208,641,24446,6099,14933
13:47,483,383,404,399,391,387,390,396,385,288,345,3194,3246,3085,3303,3142,3100,3061,3065,606,24382,5661,14201
13:48,419,376,399,394,387,382,384,392,381,284,353,3171,3231,3081,3305,3155,3119,3092,3066,534,24422,5729,13801
13:49,436,378,398,394,388,383,385,393,385,283,358,3128,3196,2982,3254,3060,3100,3068,3052,555,24336,5188,12977
13:50,396,375,395,391,386,379,380,388,380,281,358,3231,3287,3145,3385,3283,3225,3203,3193,503,24311,4982,11881
13:51,363,366,388,383,380,369,371,379,374,280,357,3265,3323,3180,3404,3281,3229,3213,3189,467,24225,4657,11212
13:52,332,357,379,373,372,360,360,368,363,278,357,3332,3382,3243,3471,3366,3314,3301,3283,423,24076,4335,10371
13:53,348,354,375,370,368,360,360,369,361,277,360,3325,3385,3244,3474,3374,3320,3302,3296,440,24213,4465,10822
13:55,328,351,370,367,365,355,356,366,359,276,364,3316,3380,3240,3456,3330,3284,3259,3239,424,24128,4235,10220
13:56,337,348,366,361,360,351,353,361,354,275,366,3382,3438,3302,3534,3444,3388,3386,3366,425,24171,4406,10571
13:57,349,348,364,360,358,352,355,361,356,274,371,3326,3388,3246,3484,3402,3348,3336,3322,444,24244,4498,10971
13:58,346,350,364,360,358,353,355,361,358,275,371,3393,3447,3303,3517,3376,3324,3311,3297,437,24250,4466,10780
13:59,335,353,366,363,359,354,356,363,360,277,368,3303,3371,3229,3473,3385,3331,3319,3293,427,24168,4334,10461
14:00,320,355,368,365,361,355,358,363,360,278,368,3382,3440,3297,3517,3384,3334,3320,3302,406,24133,4200,10081
14:01,350,352,368,365,360,355,356,363,358,278,370,3399,3447,3306,3524,3411,3359,3349,3345,432,24258,4568,11047
14:02,331,353,368,365,361,356,358,363,358,278,370,3342,3406,3263,3493,3378,3324,3312,3298,419,24142,4298,10382
14:03,324,355,368,365,361,355,358,364,360,278,369,3412,3456,3317,3551,3430,3376,3370,3360,404,24240,4254,10262
14:04,321,350,365,362,358,353,355,360,356,277,371,3348,3414,3273,3493,3350,3302,3290,3258,418,24183,4237,10211
14:06,318,345,360,356,353,346,347,354,348,276,374,3367,3429,3287,3497,3353,3307,3291,3265,412,24174,4222,10137
14:07,325,343,358,355,351,348,348,354,350,275,375,3270,3354,3213,3447,3336,3286,3272,3234,429,24275,4327,10391
14:08,337,346,358,355,353,349,350,355,352,275,377,3367,3423,3284,3522,3424,3372,3362,3350,425,24321,4510,10681
14:09,368,344,358,355,352,345,345,353,348,275,379,3117,3279,3120,3372,3248,3206,3173,3113,485,24374,4522,11205
14:10,345,342,357,356,351,346,346,353,348,274,378,3330,3394,3248,3472,3342,3294,3276,3256,443,24333,4551,10929
14:11,367,345,360,358,355,348,348,355,352,275,378,3373,3429,3281,3497,3373,3319,3310,3290,465,24321,4525,11376
14:12,323,350,363,361,356,352,354,360,356,277,381,3242,3328,3189,3421,3326,3276,3262,3228,423,24292,4202,10144
14:13,315,353,366,363,359,353,355,361,358,278,380,3308,3380,3242,3478,3372,3318,3312,3278,410,24261,4134,9954
14:14,338,355,368,364,360,355,359,363,361,279,384,3325,3389,3249,3477,3373,3317,3306,3288,431,24364,4480,10793
14:15,334,356,368,365,360,354,358,363,359,280,371,3304,3380,3243,3477,3368,3316,3303,3277,432,24237,4541,10542
14:17,341,352,366,361,358,350,352,359,356,279,375,3373,3437,3294,3516,3387,3337,3320,3312,431,24272,4287,10493
14:18,339,353,367,363,360,355,356,362,356,279,375,3250,3340,3190,3408,3280,3236,3213,3171,446,24386,4642,10994
14:19,435,357,370,366,363,358,360,366,361,279,379,3209,3289,3156,3402,3321,3255,3222,3202,556,24317,4772,12669
14:20,365,360,372,368,364,360,365,370,366,281,373,3408,3444,3306,3530,3377,3323,3305,3299,454,24401,5053,11936
14:21,524,365,376,371,367,363,367,373,368,282,376,3243,3287,3151,3395,3320,3250,3213,3221,643,24411,4968,14511
14:22,444,375,383,378,373,369,372,378,376,284,373,3309,3345,3207,3443,3365,3303,3274,3282,539,24325,4703,11903
14:23,333,373,386,381,375,371,374,381,376,285,367,3251,3317,3182,3422,3336,3280,3266,3234,428,24332,4503,10572
14:24,330,374,388,383,376,373,376,383,379,285,367,3296,3342,3199,3415,3324,3280,3269,3259,415,24394,4741,10440
14:25,299,371,386,380,374,369,372,380,375,284,370,3333,3373,3248,3474,3327,3281,3277,3239,386,24259,4209,10051
14:26,260,368,384,378,371,368,372,380,374,283,372,3367,3413,3291,3513,3399,3349,3347,3321,333,24081,3550,8254
14:28,259,364,381,375,368,363,369,376,367,282,369,3417,3465,3345,3561,3416,3366,3364,3334,332,24101,3462,8261
14:29,237,362,376,372,365,361,368,375,366,282,374,3301,3371,3261,3495,3389,3337,3333,3289,315,24035,3259,7724
14:30,266,361,376,371,365,358,365,372,364,282,371,3367,3423,3305,3537,3417,3365,3355,3319,346,24135,3526,8505
14:31,328,356,370,366,359,353,358,366,358,280,378,3306,3364,3242,3464,3310,3264,3239,3187,426,24389,4389,11012
14:32,406,356,368,364,357,351,356,365,357,280,379,3256,3324,3209,3459,3367,3303,3272,3242,520,24626,5503,12725
14:33,472,359,371,366,360,355,361,368,361,280,379,3175,3263,3126,3380,3311,3251,3203,3203,594,24654,5764,13982
14:34,517,364,376,371,365,361,366,372,367,281,378,3167,3249,3112,3356,3241,3177,3125,3101,654,24718,6059,14877
14:35,516,368,381,376,371,368,371,378,372,282,377,3248,3302,3161,3381,3233,3175,3114,3118,647,24685,6260,15297
14:36,505,375,388,383,378,375,379,385,381,283,375,3328,3376,3226,3450,3313,3247,3202,3230,611,24571,5899,14681
14:37,509,376,391,387,380,377,377,385,378,284,373,3183,3253,3104,3340,3237,3173,3145,3121,638,24702,6093,15042
14:39,486,375,393,389,385,377,378,385,380,284,374,3217,3277,3130,3372,3281,3215,3173,3183,603,24715,5978,14543
14:40,390,374,395,390,384,378,381,387,381,283,374,3242,3318,3178,3414,3303,3243,3201,3185,499,24273,4006,10603
14:41,390,374,395,390,384,380,383,388,381,282,375,2894,3256,3120,3370,3259,3199,3154,3116,509,24333,4896,11656
14:42,400,374,395,391,385,379,381,388,380,281,380,3264,3330,3183,3403,3273,3219,3186,3162,514,24430,4935,12067
14:43,464,370,392,387,384,374,375,383,375,281,381,3249,3303,3150,3394,3319,3259,3223,3235,573,24571,5776,14059
14:44,486,371,391,387,383,376,380,386,381,281,384,3264,3318,3162,3384,3235,3177,3134,3130,607,24476,5858,14375
14:45,481,370,390,388,383,372,375,381,375,281,379,3219,3283,3128,3354,3228,3170,3139,3115,606,24565,5851,14336
14:46,347,370,390,386,383,373,375,381,377,279,385,3273,3333,3195,3439,3362,3302,3290,3262,441,24250,4275,10379
14:47,226,368,387,384,380,370,375,381,376,279,383,3100,3308,3192,3432,3333,3279,3270,3190,312,24003,3089,7331
14:48,209,363,380,378,375,365,368,373,366,279,387,3425,3487,3366,3606,3501,3445,3449,3405,274,23962,3171,7160
14:50,417,358,375,373,370,360,362,366,360,278,388,3333,3387,3249,3499,3408,3344,3328,3304,521,24534,5668,13046
14:51,415,351,368,366,365,353,353,358,353,277,390,3330,3388,3251,3499,3413,3349,3330,3304,523,24260,4681,12259
14:52,333,348,365,363,362,350,352,355,352,276,390,3306,3390,3258,3482,3367,3309,3281,3227,438,24241,4337,10188
14:53,415,343,361,359,358,346,345,351,346,276,394,3374,3420,3277,3521,3463,3403,3370,3380,506,24588,5589,13098
14:54,408,345,360,359,357,347,347,353,348,276,394,3419,3465,3322,3550,3433,3373,3328,3342,502,24575,5405,13117
14:55,421,348,363,360,359,350,351,357,354,276,391,3276,3346,3215,3475,3396,3328,3296,3276,535,24494,5385,13029
14:56,441,351,366,363,361,355,356,361,356,277,393,3352,3400,3262,3502,3395,3331,3288,3298,543,24539,5420,13364
14:57,434,355,370,367,366,357,357,363,359,277,394,3351,3399,3258,3488,3371,3311,3275,3271,539,24549,5461,13392
14:58,382,357,373,371,369,362,362,367,363,278,396,3208,3302,3171,3423,3336,3276,3249,3211,495,24530,5076,12680
14:59,423,362,378,375,373,366,368,371,368,279,395,3346,3396,3260,3482,3349,3287,3249,3243,531,24372,4939,12800
15:01,321,365,381,379,378,371,372,375,371,279,395,3222,3338,3211,3437,3312,3256,3221,3159,429,24393,4717,10685
15:02,368,368,383,381,379,372,375,378,373,280,395,3375,3427,3293,3517,3374,3316,3297,3273,468,24393,4786,11597
15:03,360,367,384,381,380,371,375,378,373,280,396,3324,3386,3253,3493,3370,3308,3288,3250,466,24452,4575,10968
15:04,418,366,383,380,378,370,373,378,373,280,394,3316,3368,3234,3486,3407,3345,3319,3313,519,24588,5269,12963
15:05,357,362,381,376,374,365,367,372,368,280,394,3337,3397,3262,3488,3345,3287,3262,3226,461,24388,4838,11340
15:06,365,359,377,374,373,364,366,370,366,280,393,3310,3372,3239,3483,3398,3340,3321,3301,460,24294,4458,10830
15:07,278,361,378,374,373,365,368,371,370,280,395,3196,3324,3203,3449,3370,3318,3299,3249,372,24245,4079,9084
15:08,225,361,377,373,371,363,366,371,366,280,394,3294,3392,3274,3500,3385,3333,3323,3247,312,24149,3321,7599
15:09,266,358,373,371,369,360,364,369,363,280,396,3382,3450,3323,3549,3427,3373,3361,3315,352,24099,3476,8464
15:10,293,356,370,368,366,361,365,368,363,279,408,3416,3468,3337,3571,3457,3407,3399,3373,371,24286,4209,10035
15:12,295,360,372,368,366,360,365,369,365,280,396,3317,3403,3276,3516,3390,3336,3315,3255,394,24400,4568,9853
15:13,254,360,371,368,365,360,365,368,365,281,398,3311,3413,3302,3542,3440,3380,3365,3307,350,24037,3133,7871
15:14,321,360,371,368,363,358,365,368,366,282,405,3330,3398,3277,3523,3437,3377,3365,3325,416,24313,4434,10647
15:15,373,361,373,368,362,361,367,370,367,283,396,3300,3360,3222,3470,3395,3339,3316,3302,471,24332,4649,11759
15:16,268,363,375,370,365,362,367,371,368,283,397,3298,3396,3269,3501,3379,3327,3302,3248,361,24265,4214,9842
15:17,378,368,378,373,366,365,369,373,370,284,405,3271,3339,3206,3440,3332,3278,3242,3220,483,24352,4914,11760
15:18,310,370,380,375,370,366,371,375,373,285,390,3138,3326,3202,3430,3315,3257,3220,3140,418,24268,4180,10081
15:19,310,372,381,377,370,369,374,378,376,286,395,3274,3358,3229,3455,3315,3267,3240,3182,411,24365,4535,10860
15:20,287,373,382,378,373,370,376,378,378,287,389,3289,3365,3243,3487,3362,3308,3287,3223,385,24131,3823,9312
15:21,307,376,384,380,375,371,378,381,381,289,393,3259,3353,3237,3475,3365,3307,3288,3228,408,24184,4101,9816
15:23,317,377,385,381,375,372,379,382,381,290,387,3143,3311,3194,3448,3359,3299,3278,3220,419,24263,4092,9828
15:24,362,380,387,382,375,373,379,383,383,291,385,3289,3363,3233,3475,3349,3291,3254,3226,464,24301,4337,10810
15:25,360,383,389,385,378,374,380,384,383,292,378,3256,3342,3212,3442,3305,3249,3211,3163,467,24363,4645,11258
15:26,346,385,391,388,381,376,381,387,386,292,378,3246,3330,3213,3459,3373,3311,3285,3251,444,24303,4383,10648
15:27,351,387,393,389,382,378,385,389,390,293,374,3236,3322,3201,3457,3352,3292,3265,3227,455,24324,4538,10987
15:28,342,385,394,390,381,378,385,390,386,293,375,3267,3355,3233,3465,3323,3265,3231,3173,450,24355,4369,10661
15:29,339,383,393,390,382,378,384,390,385,293,373,3228,3332,3208,3448,3320,3262,3228,3174,448,24400,4404,10704
15:30,336,378,392,389,381,376,381,388,382,291,377,2912,3292,3165,3395,3291,3237,3192,3116,447,24386,4359,10481
15:31,317,376,391,388,379,375,381,387,381,289,381,3261,3345,3225,3477,3374,3316,3294,3248,417,24358,4163,10117
15:32,329,378,391,386,380,375,381,386,382,288,382,3290,3364,3246,3500,3404,3346,3324,3286,426,24188,4323,10455
15:34,323,375,390,385,378,373,380,385,378,288,378,3320,3400,3273,3503,3372,3316,3290,3246,422,24333,4251,10282
15:35,319,375,389,384,378,373,378,385,379,287,379,3256,3354,3233,3489,3400,3340,3319,3277,416,24202,4219,10189
15:36,313,375,388,384,378,373,379,385,379,286,380,3266,3364,3243,3483,3352,3296,3264,3200,418,24242,4162,10057
15:37,273,372,386,383,378,373,377,383,378,286,383,3336,3408,3288,3528,3408,3352,3323,3289,401,24193,4117,9923
15:38,223,370,385,380,376,371,375,381,375,284,385,3288,3372,3252,3500,3386,3328,3297,3249,400,24149,4069,9775
15:39,184,374,386,383,378,373,380,383,379,285,396,3434,3490,3369,2375,3486,3426,3417,3383,382,24081,3795,9059
15:40,166,373,386,383,378,373,380,383,379,286,386,3368,3434,3311,3551,3444,3388,3365,3335,382,24078,3992,9588
15:41,166,372,385,381,375,371,378,382,376,286,386,3321,3399,3285,3531,3423,3365,3340,3300,386,24165,3986,9580
15:42,163,370,383,380,374,371,377,381,375,285,390,3313,3405,3287,3523,3388,3332,3303,3241,390,24176,3969,9513
15:43,166,369,382,378,373,369,375,379,373,285,383,3344,3426,3310,3540,3404,3348,3319,3261,390,24167,3946,9550
15:45,168,368,381,376,371,368,375,378,373,284,390,3028,3348,3248,3508,3388,3330,3299,3231,396,24058,3960,9534
15:46,161,366,380,376,370,366,374,377,371,284,387,3317,3409,3294,3540,3434,3376,3351,3303,383,24083,3942,9506
15:47,159,367,380,375,370,365,370,375,370,284,381,3373,3447,3332,3580,3474,3414,3396,3364,374,24159,3940,9463
15:48,156,364,376,373,366,362,368,373,368,284,388,3351,3439,3323,3555,3430,3372,3347,3295,382,24106,3958,9488
15:49,157,363,373,370,365,360,368,371,367,283,385,3253,3411,3296,3536,3410,3350,3323,3257,390,24074,3964,9510
15:50,159,360,373,368,361,358,364,369,363,282,382,3343,3453,3332,3564,3425,3367,3342,3286,393,24071,4010,9618
15:51,163,361,373,368,362,359,364,368,363,280,385,3309,3433,3311,3539,3409,3355,3328,3268,398,24097,4057,9746
15:52,164,365,373,369,363,360,366,368,366,280,396,3379,3465,3341,3567,3433,3379,3361,3323,380,23828,4049,9567
15:53,147,365,374,369,363,360,366,370,366,280,388,3222,3420,3312,3542,3415,3359,3354,3268,257,23729,2558,5977
15:54,140,362,371,368,361,358,365,368,365,280,399,3297,3447,3333,3567,3439,3385,3376,3308,285,23826,2663,6720
15:56,136,358,368,365,356,353,360,364,360,280,388,3306,3458,3349,3575,3454,3400,3403,3331,241,23783,2524,5872
15:57,133,351,363,360,351,348,353,358,353,279,387,3348,3468,3360,3600,3477,3425,3430,3364,216,23731,2274,5274
15:58,126,346,358,354,346,342,349,353,348,278,390,3255,3461,3349,3575,3454,3404,3408,3330,206,23715,2124,4947
15:59,119,340,351,349,341,338,344,349,343,277,390,3055,3435,3341,3577,3454,3402,3407,3321,199,23611,2044,4713
16:00,115,338,347,345,336,335,341,345,340,276,398,3344,3488,3380,3616,3502,3452,3462,3396,189,23723,2015,4634
16:01,111,336,344,342,335,332,338,342,336,276,395,3337,3473,3363,3595,3476,3426,3436,3354,181,23685,1941,4417
16:02,109,331,340,338,330,328,334,338,332,275,395,3302,3476,3371,3611,3480,3428,3439,3361,182,23663,1888,4322
16:03,109,328,336,334,327,325,330,335,329,275,395,3352,3488,3378,3610,3483,3433,3437,3363,175,23666,1857,4244
16:04,109,324,332,329,322,320,326,331,325,275,404,3360,3492,3381,3615,3472,3422,3426,3344,174,23635,1843,4196
16:05,108,320,327,325,318,316,322,326,321,274,395,3334,3484,3376,3610,3475,3421,3430,3346,173,23617,1852,4174
16:07,107,318,325,322,316,314,319,323,318,273,400,3379,3489,3386,3618,3490,3440,3447,3367,172,23619,1789,4077
16:08,104,315,321,319,314,312,318,321,315,272,398,3334,3478,3373,3603,3468,3416,3421,3327,167,23570,1777,3980
16:09,103,313,319,318,312,311,316,319,315,272,396,3421,3513,3407,3639,3504,3452,3463,3377,163,23593,1736,3935
16:10,101,309,316,315,309,308,313,316,311,271,396,3399,3515,3412,3646,3497,3447,3451,3361,163,23605,1757,3944
16:11,100,306,313,312,306,305,309,313,306,271,397,3387,3503,3406,3644,3521,3469,3477,3393,157,23556,1720,3881
16:12,99,303,310,309,305,303,306,310,305,270,401,3298,3500,3405,3641,3510,3456,3462,3364,162,23575,1713,3864
16:13,99,303,308,307,303,301,305,308,303,269,398,3368,3526,3429,3673,3542,3490,3501,3403,160,23524,1736,3902
16:14,100,299,305,305,301,298,302,305,300,269,397,3392,3558,3454,3688,3543,3493,3500,3400,160,23570,1763,3985
16:15,102,297,303,303,299,297,300,303,298,268,400,2933,3537,3448,3682,3543,3493,3500,3384,168,23592,1814,4097
16:16,104,296,301,301,298,296,298,301,296,268,402,3349,3591,3485,3715,3576,3526,3539,3435,167,23610,1853,4193
16:18,106,295,300,300,297,295,297,300,296,267,404,3394,3566,3465,3703,3574,3526,3535,3453,167,23631,1865,4188
16:19,107,295,299,300,298,295,297,300,296,267,404,3288,3544,3440,3680,3548,3498,3511,3415,170,23585,1853,4191
16:20,105,297,300,300,298,297,298,301,298,268,406,3308,3506,3407,3643,3518,3468,3475,3387,167,23598,1812,4074
16:21,103,297,300,301,299,297,299,301,298,268,408,3270,3510,3405,3631,3496,3444,3452,3332,167,23509,1749,3988
16:22,101,296,300,300,298,297,299,301,297,268,411,3267,3501,3405,3635,3507,3459,3465,3357,161,23481,1739,3901
16:23,98,297,300,300,298,296,299,301,298,268,412,3185,3495,3400,3632,3498,3448,3458,3336,159,23478,1705,3823
16:24,93,297,300,300,298,296,298,300,297,268,404,3269,3475,3381,3611,3477,3427,3434,3334,152,23512,1617,3611
16:25,89,296,300,299,297,296,298,300,296,269,404,3406,3510,3407,3649,3517,3467,3480,3396,143,23415,1565,3465
16:26,85,296,298,298,296,294,296,300,296,268,408,3014,3430,3345,3579,3450,3398,3400,3280,141,23425,1519,3326
16:27,82,295,298,298,295,293,296,298,296,268,410,3288,3470,3373,3601,3462,3410,3415,3309,136,23435,1486,3261
16:29,80,293,296,296,293,292,294,297,293,268,406,3416,3506,3407,3635,3498,3446,3457,3371,133,23396,1452,3184
16:30,79,292,295,295,293,291,294,296,293,268,406,3040,3424,3346,3578,3449,3395,3392,3264,134,23470,1441,3119
16:31,77,290,293,293,290,289,291,294,290,267,402,3227,3499,3417,3653,3514,3462,3464,3316,131,23434,1428,3110
16:32,75,289,292,292,289,288,290,293,290,267,404,3206,3494,3419,3649,3516,3464,3463,3321,129,23442,1421,3049
16:33,73,288,290,290,288,287,290,292,289,267,406,3280,3496,3415,3649,3516,3460,3461,3339,124,23403,1393,2995
16:34,72,288,289,290,288,286,288,291,288,267,412,3364,3522,3446,3684,3545,3489,3487,3371,123,23392,1368,2970
16:35,71,286,289,289,287,285,287,290,286,266,408,2960,3506,3458,3688,3555,3501,3480,3328,126,23384,1414,2991
16:36,73,286,288,288,287,286,288,290,286,266,410,2940,3518,3469,3701,3566,3510,3496,3344,128,23445,1423,3070
16:37,75,286,288,289,287,286,288,290,287,266,416,3282,3558,3501,3739,3597,3543,3522,3378,128,23434,1451,3158
16:38,77,286,287,288,286,285,288,290,286,266,410,2936,3576,3553,3783,3649,3597,3545,3373,134,23455,1512,3279
16:40,79,286,288,288,286,286,288,290,286,266,415,3253,3639,3626,3870,3730,3680,3618,3444,133,23401,1508,3356
16:41,79,285,286,289,286,286,287,290,285,266,409,3343,3639,3614,3868,3723,3671,3619,3475,136,23509,1533,3381
16:42,77,285,286,290,288,286,288,290,285,266,409,3275,3613,3579,3825,3687,3635,3571,3423,133,23438,1525,3348
16:43,76,285,286,290,288,287,289,291,286,266,416,3296,3606,3577,3821,3685,3631,3568,3420,132,23499,1503,3314
16:44,72,285,286,290,289,288,290,291,285,266,416,3163,3525,3464,3700,3571,3513,3494,3362,126,23445,1408,3079
16:45,66,284,286,290,288,287,290,291,285,266,420,3147,3505,3452,3688,3553,3491,3468,3336,122,23476,1324,2850
16:46,60,283,285,288,288,287,289,290,284,265,412,3358,3528,3464,3706,3564,3498,3486,3368,112,23312,1232,2634
16:47,56,283,284,288,287,286,288,289,283,265,412,3494,3590,3512,3760,3611,3549,3547,3461,102,23421,1163,2377
16:48,49,281,283,286,285,284,286,287,281,265,412,3205,3479,3429,3671,3534,3460,3443,3315,99,23359,1107,2244
16:49,46,278,281,284,284,282,284,285,279,264,414,3195,3533,3544,3808,3668,3562,3480,3338,93,23420,1074,2189
16:51,43,278,279,282,282,281,283,283,278,264,416,3253,3541,3547,3815,3672,3566,3499,3367,91,23514,1040,2084
16:52,42,276,277,281,281,280,281,281,276,263,416,3220,3562,3592,3866,3721,3601,3514,3376,89,23412,1052,2083
16:53,41,275,276,279,280,278,280,280,275,263,416,3352,3570,3566,3840,3689,3581,3530,3416,89,23534,1007,2016
16:54,39,273,274,278,279,277,279,278,273,263,424,3238,3524,3510,3772,3626,3524,3491,3367,87,23467,981,1941
16:55,37,272,273,276,278,276,277,276,272,262,420,3257,3507,3454,3706,3565,3489,3482,3360,81,23498,962,1846
16:56,34,271,271,275,276,274,276,274,271,262,422,2927,3477,3451,3701,3560,3468,3454,3318,79,23458,921,1771
16:57,33,269,270,273,275,273,274,273,270,262,421,3317,3515,3488,3748,3591,3493,3485,3367,79,23511,907,1732
16:58,33,268,268,271,273,271,273,271,268,261,430,3247,3507,3503,3771,3614,3502,3489,3371,77,23511,925,1743
16:59,35,266,267,270,271,270,271,270,267,261,422,3106,3516,3545,3825,3649,3521,3501,3377,82,23498,964,1843
17:00,38,266,266,269,270,268,270,268,266,261,435,3324,3546,3540,3810,3643,3537,3530,3418,84,23601,986,1933
17:02,40,265,265,267,269,266,268,267,265,260,426,3295,3535,3508,3778,3610,3518,3513,3403,88,23593,1003,2000
17:03,40,263,263,266,268,265,266,266,263,260,425,3052,3500,3459,3717,3564,3480,3477,3351,90,23611,1012,1992
17:04,39,263,263,266,267,265,265,265,262,259,426,3356,3530,3479,3747,3580,3496,3496,3388,87,23564,999,1951
17:05,38,262,261,265,266,263,264,264,261,258,427,3367,3529,3484,3764,3587,3495,3499,3391,82,23498,995,1891
17:06,36,261,261,264,266,263,264,263,261,258,429,3091,3485,3465,3755,3564,3458,3454,3332,84,23571,948,1804
17:07,33,261,260,263,265,261,263,263,261,258,428,3329,3503,3446,3714,3548,3466,3468,3354,76,23524,899,1690
17:08,30,260,260,262,265,261,262,262,260,258,427,3236,3466,3423,3695,3537,3455,3463,3341,74,23356,856,1587
17:09,28,260,259,261,264,260,261,261,260,258,431,2995,3435,3404,3690,3511,3423,3419,3283,72,23476,836,1525
17:10,26,259,258,261,263,260,261,260,258,257,436,3122,3426,3388,3660,3491,3407,3410,3276,68,23429,817,1433
17:11,23,258,257,259,261,258,259,260,258,258,437,3241,3447,3416,3728,3504,3416,3421,3291,64,23335,762,1338
17:13,19,257,256,258,260,257,258,258,256,257,436,3175,3425,3411,3733,3492,3400,3401,3263,61,23443,728,1217
17:14,15,256,255,257,260,256,257,257,256,257,441,3225,3431,3400,3696,3481,3395,3399,3253,54,23458,684,1088
17:15,13,255,253,256,257,255,256,256,254,256,446,3231,3427,3398,3676,3476,3396,3400,3256,51,23483,659,991
17:16,11,253,251,254,256,253,253,254,252,256,444,3222,3418,3374,3626,3465,3387,3396,3260,51,23489,616,903
17:17,9,252,250,253,254,251,252,252,251,255,441,3071,3375,3337,3597,3428,3344,3353,3199,48,23485,614,850
17:18,7,250,248,251,252,249,250,250,249,255,441,3319,3433,3382,3646,3453,3375,3396,3280,44,23405,577,768
17:19,5,248,246,249,250,248,249,249,248,255,443,2864,3306,3292,3566,3367,3271,3280,3090,41,23313,544,662
17:20,1,247,245,248,248,246,247,247,246,254,443,3018,3306,3288,3564,3371,3273,3286,3114,37,23386,513,574
17:21,0,246,243,246,246,244,245,245,245,254,445,3088,3314,3285,3541,3375,3277,3293,3123,36,23224,500,518
17:22,0,244,241,244,245,243,244,244,243,253,448,2827,3275,3258,3524,3352,3248,3261,3059,33,23380,495,490
17:24,0,243,240,242,243,241,242,242,241,253,450,3078,3308,3283,3559,3373,3275,3288,3116,34,23384,486,485
